<?xml version="1.0" encoding="UTF-8"?>
<configuration>
	<jmxConfigurator />
	<appender name="CONSOLE" class="ch.qos.logback.core.ConsoleAppender">
		<encoder>
			<pattern>[%level] [%date{HH:mm:ss.SSS}] [%thread] [%mdc] %logger.%method:%line --> %message%n</pattern>
		</encoder>
		<filter class="ch.qos.logback.classic.filter.ThresholdFilter">
			<level>DEBUG</level>
		</filter>
	</appender>

	<appender name="FILE"
		class="ch.qos.logback.core.rolling.RollingFileAppender">
		<rollingPolicy class="ch.qos.logback.core.rolling.TimeBasedRollingPolicy">
			<fileNamePattern>logs/mybatis-generator.%d{yyyy-MM-dd}.%i.log.zip
			</fileNamePattern>
			<maxHistory>7</maxHistory>
			<timeBasedFileNamingAndTriggeringPolicy
				class="ch.qos.logback.core.rolling.SizeAndTimeBasedFNATP">
				<maxFileSize>500MB</maxFileSize>
			</timeBasedFileNamingAndTriggeringPolicy>
		</rollingPolicy>
		<encoder>
			<pattern>[%level] [%date{HH:mm:ss.SSS}] [%thread] [%mdc] %logger.%method:%line --> %message%n</pattern>
		</encoder>
		<filter class="ch.qos.logback.classic.filter.ThresholdFilter">
			<level>DEBUG</level>
		</filter>
	</appender>

	<root level="DEBUG">
		<appender-ref ref="CONSOLE" />
		<appender-ref ref="FILE" />
	</root>

</configuration>